Entry Number,Inventory BID,GEC,PDSID,Container ID,Container Type,Pollination Gender,Gender,ParentType,Reg Status,Row,Column,Pollination,Population,Origin,TSM Id,Family,Reciprocal,Transplating Target,SampleNumber,Plot BID,Plant Id,Relative Maturity,Trait Name,FTS Entry Id,FTS Entry Number,Lab Project Id,Updated By,Breeding Copies,Quantity,TissueSample
1,IDH000000879565878518965,CC005ZMME04S000M40001017,"EB24265172,EB24265170,EB24265164,EB24265176,EB24265178,EB24265180,EB24265182,EB24265183,EB24265185,EB24265186,EB24265174",O-055658,OPLATE,M,,F,NonTrainted,1,1,DevCross,",,,,,,,,,,","CC005ZMME04S000M40001017/CC006ZMME04S000M00000869,CC005ZMME04S000M40001017/CC006ZMME04S000M00001199,CC005ZMME04S000M40001017/CC006ZMME04S000M00000186,CC005ZMME04S000M40001017/CC005ZMML04S000M50001618,CC005ZMME04S000M40001017/CC006ZMME04S000M00000083,CC005ZMME04S000M40001017/CC005ZMML04S000M50001417,CC005ZMME04S000M40001017/CC006ZMME04S000M00000471,CC005ZMME04S000M40001017/CC006ZMME04S000M00000292,CC005ZMME04S000M40001017/CC006ZMME04S000M00000557,CC006ZMME04S000M00000618/CC005ZMME04S000M40001017,CC005ZMME04S000M40001017/CC006ZMME04S000M00000858",",,,,,,,,,,",",,,,,,,,,,",PROHIBITED,"1,1,1,1,1,1,1,1,1,1,1",461,P00000000879565878495748,24d50186-92e3-434f-b804-4f7355d5cb02,102,"000,000,000,000,000,000,000,000,000,000,000",879565878495573,1,24GDH_MG1066,Anonymous,0,1,TRUE
2,IDH000000879565878519050,CC006ZMME04S000M00000186,EB24265164,O-055658,OPLATE,F,,F,NonTrainted,1,2,DevCross,,CC005ZMME04S000M40001017/CC006ZMME04S000M00000186,,,PROHIBITED,1,276,P00000000879565878495749,b9ef4a08-cc9f-4768-be50-87f2415cbe0e,102,0,879565878495574,2,24GDH_MG1066,Anonymous,0,1,TRUE
3,IDH000000879565878516240,CC006ZMME04S000M00001199,EB24265170,O-055658,OPLATE,F,,F,NonTrainted,1,3,DevCross,,CC005ZMME04S000M40001017/CC006ZMME04S000M00001199,,,PROHIBITED,1,365,P00000000879565878495750,3ae4c029-d420-4efc-9450-a449ecef0f35,102,0,879565878495575,3,24GDH_MG1068,Anonymous,0,1,TRUE
4,IDH000000879565878517796,CC006ZMME04S000M00000869,EB24265172,O-055658,OPLATE,F,,F,NonTrainted,1,4,DevCross,,CC005ZMME04S000M40001017/CC006ZMME04S000M00000869,,,PROHIBITED,1,218,P00000000879565878495751,4c859a42-b5cd-4eb8-9678-5975d88a8ea2,102,0,879565878495576,4,24GDH_MG1067,Anonymous,0,1,TRUE
5,IDH000000879565878517786,CC006ZMME04S000M00000858,EB24265174,O-055658,OPLATE,F,,F,NonTrainted,1,5,DevCross,,CC005ZMME04S000M40001017/CC006ZMME04S000M00000858,,,PROHIBITED,1,215,P00000000879565878495752,6d39e411-d358-4c1b-b3b5-b912516e5add,102,0,879565878495577,5,24GDH_MG1067,Anonymous,0,1,TRUE
6,IDH000000879565878518511,CC005ZMML04S000M50001618,EB24265176,O-055658,OPLATE,F,,F,NonTrainted,1,6,DevCross,,CC005ZMME04S000M40001017/CC005ZMML04S000M50001618,,,PROHIBITED,1,15,P00000000879565878495753,96f9e3da-0e75-4495-867c-eed31705a6e7,102,0,879565878495578,6,24GDH_MG1070,Anonymous,0,1,TRUE
7,IDH000000879565878519225,CC006ZMME04S000M00000083,EB24265178,O-055658,OPLATE,F,,F,NonTrainted,2,1,DevCross,,CC005ZMME04S000M40001017/CC006ZMME04S000M00000083,,,PROHIBITED,1,400,P00000000879565878495754,f3341b84-04b8-4fff-a855-3af9417c354f,102,0,879565878495579,7,24GDH_MG1066,Anonymous,0,1,TRUE
8,IDH000000879565878518360,CC005ZMML04S000M50001417,EB24265180,O-055658,OPLATE,F,,F,NonTrainted,2,2,DevCross,,CC005ZMME04S000M40001017/CC005ZMML04S000M50001417,,,PROHIBITED,1,225,P00000000879565878495755,a4ea2ecc-832c-40e5-b17e-247e42680af9,102,0,879565878495580,8,24GDH_MG1070,Anonymous,0,1,TRUE
9,IDH000000879565878519440,CC006ZMME04S000M00000471,EB24265182,O-055658,OPLATE,F,,F,NonTrainted,2,3,DevCross,,CC005ZMME04S000M40001017/CC006ZMME04S000M00000471,,,PROHIBITED,1,9,P00000000879565878495756,1e4e8201-84ed-42c0-948e-671bc9da3376,102,0,879565878495581,9,24GDH_MG1066,Anonymous,0,1,TRUE
10,IDH000000879565878516902,CC006ZMME04S000M00000292,"EB24265183,EB24265203,EB24265201",O-055658,OPLATE,M,,M,NonTrainted,2,4,DevCross,",,","CC005ZMME04S000M40001017/CC006ZMME04S000M00000292,CC006ZMME04S000M00000292/CC006ZMME04S000M00000718,CC006ZMME04S000M00000292/CC006ZMME04S000M00001086",",,",",,",PROHIBITED,"1,1,1",556,P00000000879565878495757,9904880d-7bc9-40d1-a19c-6e56468e2b9a,102,"000,000,000",879565878495582,10,24GDH_MG1067,Anonymous,0,1,TRUE
11,IDH000000879565878517950,CC006ZMME04S000M00000557,"EB24265241,EB24265185,EB24265239,EB24265240,EB24265242,EB24265243,EB24265244,EB24265245,EB24265246,EB24265247,EB24265248",O-055658,OPLATE,M,,M,NonTrainted,2,5,DevCross,",,,,,,,,,,","CC006ZMME04S000M00000557/CC006ZMME04S000M00000445,CC005ZMME04S000M40001017/CC006ZMME04S000M00000557,CC006ZMME04S000M00000557/CC006ZMME04S000M00000988,CC006ZMME04S000M00000557/CC006ZMME04S000M00000561,CC006ZMME04S000M00000557/CC006ZMME04S000M00001117,CC006ZMME04S000M00000557/CC006ZMME04S000M00000688,CC006ZMME04S000M00000557/CC006ZMME04S000M00000749,CC006ZMME04S000M00000557/CC006ZMML04S000M00000515,CC006ZMME04S000M00000557/CC005ZMML04S000M50001626,CC006ZMME04S000M00000557/CC006ZMME04S000M00000237,CC006ZMME04S000M00000557/CC006ZMME04S000M00000723",",,,,,,,,,,",",,,,,,,,,,",PROHIBITED,"1,1,1,1,1,1,1,1,1,1,1",506,P00000000879565878495758,14e39e66-e9d8-4a7a-b8e8-8d00322e4265,102,"000,000,000,000,000,000,000,000,000,000,000",879565878495583,11,24GDH_MG1067,Anonymous,0,1,TRUE
12,IDH000000879565878516965,CC006ZMME04S000M00000988,EB24265239,O-055658,OPLATE,F,,F,NonTrainted,2,6,DevCross,,CC006ZMME04S000M00000557/CC006ZMME04S000M00000988,,,PROHIBITED,1,64,P00000000879565878495759,75c18391-c908-48cf-8f68-b1144b3833df,102,0,879565878495584,12,24GDH_MG1067,Anonymous,0,1,TRUE
13,IDH000000879565878517945,CC006ZMME04S000M00000561,EB24265240,O-055658,OPLATE,F,,F,NonTrainted,3,1,DevCross,,CC006ZMME04S000M00000557/CC006ZMME04S000M00000561,,,PROHIBITED,1,484,P00000000879565878495760,bf5dc358-23f3-4b23-8872-732ee52c74b8,102,0,879565878495585,13,24GDH_MG1067,Anonymous,0,1,TRUE
14,IDH000000879565878519039,CC006ZMME04S000M00000445,EB24265241,O-055658,OPLATE,F,,F,NonTrainted,3,2,DevCross,,CC006ZMME04S000M00000557/CC006ZMME04S000M00000445,,,PROHIBITED,1,57,P00000000879565878495761,a86fd591-63bf-44d3-970f-3f827eb499cf,102,0,879565878495586,14,24GDH_MG1066,Anonymous,0,1,TRUE
15,IDH000000879565878516512,CC006ZMME04S000M00001117,EB24265242,O-055658,OPLATE,F,,F,NonTrainted,3,3,DevCross,,CC006ZMME04S000M00000557/CC006ZMME04S000M00001117,,,PROHIBITED,1,503,P00000000879565878495762,6694f915-b8f3-4ced-93ac-66833ccbfd56,102,0,879565878495587,15,24GDH_MG1068,Anonymous,0,1,TRUE
16,IDH000000879565878516844,CC006ZMME04S000M00000688,EB24265243,O-055658,OPLATE,F,,F,NonTrainted,3,4,DevCross,,CC006ZMME04S000M00000557/CC006ZMME04S000M00000688,,,PROHIBITED,1,341,P00000000879565878495763,3ff2d886-09a3-40c2-9b53-abbfedb51b5d,102,0,879565878495588,16,24GDH_MG1067,Anonymous,0,1,TRUE
17,IDH000000879565878517376,CC006ZMME04S000M00000749,EB24265244,O-055658,OPLATE,F,,F,NonTrainted,3,5,DevCross,,CC006ZMME04S000M00000557/CC006ZMME04S000M00000749,,,PROHIBITED,1,282,P00000000879565878495764,93c685cc-b86c-4ea6-9e58-1dd2db1b139c,102,0,879565878495589,17,24GDH_MG1067,Anonymous,0,1,TRUE
18,IDH000000879565878518272,CC006ZMML04S000M00000515,EB24265245,O-055658,OPLATE,F,,F,NonTrainted,3,6,DevCross,,CC006ZMME04S000M00000557/CC006ZMML04S000M00000515,,,PROHIBITED,1,406,P00000000879565878495765,99e8a7ae-65ea-4727-aad4-06ae94e8c06e,102,0,879565878495590,18,24GDH_MG1069,Anonymous,0,1,TRUE
19,IDH000000879565878518496,CC005ZMML04S000M50001626,EB24265246,O-055658,OPLATE,F,,F,NonTrainted,4,1,DevCross,,CC006ZMME04S000M00000557/CC005ZMML04S000M50001626,,,PROHIBITED,1,11,P00000000879565878495766,59600646-b432-4336-82d6-88da1c8b7e17,102,0,879565878495591,19,24GDH_MG1070,Anonymous,0,1,TRUE
20,IDH000000879565878516809,CC006ZMME04S000M00000237,EB24265247,O-055658,OPLATE,F,,F,NonTrainted,4,2,DevCross,,CC006ZMME04S000M00000557/CC006ZMME04S000M00000237,,,PROHIBITED,1,563,P00000000879565878495767,f9b139b5-5ea7-477e-8074-d8ced31b058f,102,0,879565878495592,20,24GDH_MG1067,Anonymous,0,1,TRUE
21,IDH000000879565878516776,CC006ZMME04S000M00000723,"EB24265248,EB24265275",O-055658,OPLATE,M,,M,NonTrainted,4,3,DevCross,",","CC006ZMME04S000M00000557/CC006ZMME04S000M00000723,CC006ZMME04S000M00000723/CC006ZMML04S000M00000333",",",",",PROHIBITED,1.1,313,P00000000879565878495768,26be7c52-d067-4626-a05d-130af592cbb4,102,0,879565878495593,21,24GDH_MG1067,Anonymous,0,1,TRUE
22,IDH000000879565878516174,CC006ZMME04S000M00001086,"EB24265201,EB24265168",O-055658,OPLATE,M,,F,NonTrainted,4,4,DevCross,",","CC006ZMME04S000M00000292/CC006ZMME04S000M00001086,CC006ZMME04S000M00001086/CC006ZMME04S000M00000738",",",",",PROHIBITED,1.1,513,P00000000879565878495769,c127cf56-3cb6-49b3-a393-9c3a0211bd5a,102,0,879565878495594,22,24GDH_MG1068,Anonymous,0,1,TRUE
23,IDH000000879565878516771,CC006ZMME04S000M00000718,"EB24265219,EB24265203,EB24265221,EB24265226,EB24265222,EB24265223,EB24265224,EB24265220,EB24265225",O-055658,OPLATE,M,,F,NonTrainted,4,5,DevCross,",,,,,,,,","CC006ZMME04S000M00000718/CC006ZMME04S000M00000694,CC006ZMME04S000M00000292/CC006ZMME04S000M00000718,CC006ZMME04S000M00000718/CC006ZMME04S000M00000906,CC006ZMME04S000M00000718/CC006ZMME04S000M00000578,CC006ZMME04S000M00000718/CC005ZMML04S000M50001627,CC006ZMME04S000M00000718/CC006ZMME04S000M00001100,CC006ZMME04S000M00000718/CC006ZMME04S000M00001106,CC006ZMME04S000M00000718/CC006ZMML04S000M00000280,CC006ZMME04S000M00000718/CC006ZMME04S000M00001103",",,,,,,,,",",,,,,,,,",PROHIBITED,"1,1,1,1,1,1,1,1,1",308,P00000000879565878495770,2672caa8-af20-4137-b4c0-9e885cf32304,102,"000,000,000,000,000,000,000,000,000",879565878495595,23,24GDH_MG1067,Anonymous,0,1,TRUE
24,IDH000000879565878516834,CC006ZMME04S000M00000694,EB24265219,O-055658,OPLATE,F,,F,NonTrainted,4,6,DevCross,,CC006ZMME04S000M00000718/CC006ZMME04S000M00000694,,,PROHIBITED,1,337,P00000000879565878495771,38dea944-ff26-4684-9788-ab4928fa3c0c,102,0,879565878495596,24,24GDH_MG1067,Anonymous,0,1,TRUE
25,IDH000000879565878518174,CC006ZMML04S000M00000280,EB24265220,O-051051,OPLATE,F,,F,NonTrainted,1,1,DevCross,,CC006ZMME04S000M00000718/CC006ZMML04S000M00000280,,,PROHIBITED,1,524,P00000000879565878495772,8cff816a-dc7b-4581-aed1-a2c97cb2efae,102,0,879565878495597,25,24GDH_MG1069,Anonymous,0,1,TRUE
26,IDH000000879565878517526,CC006ZMME04S000M00000906,EB24265221,O-051051,OPLATE,F,,F,NonTrainted,1,2,DevCross,,CC006ZMME04S000M00000718/CC006ZMME04S000M00000906,,,PROHIBITED,1,105,P00000000879565878495773,42e6e7df-306b-4d0f-ae00-627391ac8efd,102,0,879565878495598,26,24GDH_MG1067,Anonymous,0,1,TRUE
27,IDH000000879565878518506,CC005ZMML04S000M50001627,EB24265222,O-051051,OPLATE,F,,F,NonTrainted,1,3,DevCross,,CC006ZMME04S000M00000718/CC005ZMML04S000M50001627,,,PROHIBITED,1,14,P00000000879565878495774,ecf736a4-2c0b-45f7-9b73-4b184d363c54,102,0,879565878495599,27,24GDH_MG1070,Anonymous,0,1,TRUE
28,IDH000000879565878516472,CC006ZMME04S000M00001100,EB24265223,O-051051,OPLATE,F,,F,NonTrainted,1,4,DevCross,,CC006ZMME04S000M00000718/CC006ZMME04S000M00001100,,,PROHIBITED,1,482,P00000000879565878495775,5e603660-4b7e-4132-83d5-adcacbef4c54,102,0,879565878495600,28,24GDH_MG1068,Anonymous,0,1,TRUE
29,IDH000000879565878516467,CC006ZMME04S000M00001106,EB24265224,O-051051,OPLATE,F,,F,NonTrainted,1,5,DevCross,,CC006ZMME04S000M00000718/CC006ZMME04S000M00001106,,,PROHIBITED,1,481,P00000000879565878495776,d33b32f4-1a8c-4702-a071-64705ce036ce,102,0,879565878495601,29,24GDH_MG1068,Anonymous,0,1,TRUE
30,IDH000000879565878516497,CC006ZMME04S000M00001103,EB24265225,O-051051,OPLATE,F,,F,NonTrainted,1,6,DevCross,,CC006ZMME04S000M00000718/CC006ZMME04S000M00001103,,,PROHIBITED,1,496,P00000000879565878495777,9c90243b-a66f-4ce4-b671-bf2d1ddc588e,102,0,879565878495602,30,24GDH_MG1068,Anonymous,0,1,TRUE
31,IDH000000879565878516938,CC006ZMME04S000M00000578,EB24265226,O-051051,OPLATE,F,,F,NonTrainted,2,1,DevCross,,CC006ZMME04S000M00000718/CC006ZMME04S000M00000578,,,PROHIBITED,1,459,P00000000879565878495778,a05539d7-eb25-4b72-be66-eab5bc0590f1,102,0,879565878495603,31,24GDH_MG1067,Anonymous,0,1,TRUE
32,IDH000000879565878518246,CC006ZMML04S000M00000333,EB24265275,O-051051,OPLATE,F,,F,NonTrainted,2,2,DevCross,,CC006ZMME04S000M00000723/CC006ZMML04S000M00000333,,,PROHIBITED,1,515,P00000000879565878495779,e66a3ffb-2afe-48a2-bc54-d28886cbe210,102,0,879565878495604,32,24GDH_MG1069,Anonymous,0,1,TRUE
33,IDH000000879565878516756,CC006ZMME04S000M00000738,"EB24265316,EB24265319,EB24265318,EB24265317,EB24265168,EB24265315,EB24265323,EB24265322,EB24265321,EB24265320",O-051051,OPLATE,M,,M,NonTrainted,2,3,DevCross,",,,,,,,,,","CC006ZMME04S000M00000738/CC006ZMME04S000M00000208,CC006ZMME04S000M00000738/CC006ZMME04S000M00000748,CC006ZMME04S000M00000738/CC006ZMML04S000M00000284,CC006ZMME04S000M00000738/CC006ZMME04S000M00000451,CC006ZMME04S000M00001086/CC006ZMME04S000M00000738,CC006ZMME04S000M00000738/CC005ZMML04S000M50001599,CC006ZMME04S000M00000738/CC006ZMME04S000M00001110,CC006ZMME04S000M00000738/CC006ZMME04S000M00000938,CC006ZMME04S000M00000738/CC006ZMME04S000M00001119,CC006ZMME04S000M00000738/CC006ZMML04S000M00000025",",,,,,,,,,",",,,,,,,,,",PROHIBITED,"1,1,1,1,1,1,1,1,1,1",295,P00000000879565878495780,f0f1c2b2-9f4a-4af9-aa33-ec374b1ec380,102,"000,000,000,000,000,000,000,000,000,000",879565878495605,33,24GDH_MG1067,Anonymous,0,1,TRUE
34,IDH000000879565878518428,CC005ZMML04S000M50001599,EB24265315,O-051051,OPLATE,F,,F,NonTrainted,2,4,DevCross,,CC006ZMME04S000M00000738/CC005ZMML04S000M50001599,,,PROHIBITED,1,40,P00000000879565878495781,0257bd74-6d63-4d01-adc3-0d08d747971a,102,0,879565878495606,34,24GDH_MG1070,Anonymous,0,1,TRUE
35,IDH000000879565878519507,CC006ZMME04S000M00000208,EB24265316,O-051051,OPLATE,F,,F,NonTrainted,2,5,DevCross,,CC006ZMME04S000M00000738/CC006ZMME04S000M00000208,,,PROHIBITED,1,239,P00000000879565878495782,97ac199d-9e9c-4aed-b319-70cafa487c62,102,0,879565878495607,35,24GDH_MG1066,Anonymous,0,1,TRUE
36,IDH000000879565878519014,CC006ZMME04S000M00000451,EB24265317,O-051051,OPLATE,F,,F,NonTrainted,2,6,DevCross,,CC006ZMME04S000M00000738/CC006ZMME04S000M00000451,,,PROHIBITED,1,43,P00000000879565878495783,ba457fdf-c623-4a1a-8aaf-a8b0305d0b15,102,0,879565878495608,36,24GDH_MG1066,Anonymous,0,1,TRUE
37,IDH000000879565878518169,CC006ZMML04S000M00000284,EB24265318,O-051051,OPLATE,F,,F,NonTrainted,3,1,DevCross,,CC006ZMME04S000M00000738/CC006ZMML04S000M00000284,,,PROHIBITED,1,520,P00000000879565878495784,43f9c9c8-d356-4db3-9095-0ad40325c369,102,0,879565878495609,37,24GDH_MG1069,Anonymous,0,1,TRUE
38,IDH000000879565878517371,CC006ZMME04S000M00000748,EB24265319,O-051051,OPLATE,F,,F,NonTrainted,3,2,DevCross,,CC006ZMME04S000M00000738/CC006ZMME04S000M00000748,,,PROHIBITED,1,281,P00000000879565878495785,2d136225-4ed2-43b3-beaa-5dd95368244d,102,0,879565878495610,38,24GDH_MG1067,Anonymous,0,1,TRUE
39,IDH000000879565878516292,CC006ZMML04S000M00000025,EB24265320,O-051051,OPLATE,F,,F,NonTrainted,3,3,DevCross,,CC006ZMME04S000M00000738/CC006ZMML04S000M00000025,,,PROHIBITED,1,341,P00000000879565878495786,706c44be-971d-401a-b91c-3de5bab09d56,102,0,879565878495611,39,24GDH_MG1068,Anonymous,0,1,TRUE
40,IDH000000879565878516487,CC006ZMME04S000M00001119,EB24265321,O-051051,OPLATE,F,,F,NonTrainted,3,4,DevCross,,CC006ZMME04S000M00000738/CC006ZMME04S000M00001119,,,PROHIBITED,1,489,P00000000879565878495787,fe3ff32c-4477-44f9-9249-d32b7bfc396a,102,0,879565878495612,40,24GDH_MG1068,Anonymous,0,1,TRUE
41,IDH000000879565878517631,CC006ZMME04S000M00000938,EB24265322,O-051051,OPLATE,F,,F,NonTrainted,3,5,DevCross,,CC006ZMME04S000M00000738/CC006ZMME04S000M00000938,,,PROHIBITED,1,146,P00000000879565878495788,3cecdb85-fce3-4eb8-9580-dedcb72c877f,102,0,879565878495613,41,24GDH_MG1067,Anonymous,0,1,TRUE
42,IDH000000879565878516492,CC006ZMME04S000M00001110,EB24265323,O-051051,OPLATE,F,,F,NonTrainted,3,6,DevCross,,CC006ZMME04S000M00000738/CC006ZMME04S000M00001110,,,PROHIBITED,1,494,P00000000879565878495789,e0e3dff9-e7eb-4343-8be0-9d24a8b623ed,102,0,879565878495614,42,24GDH_MG1068,Anonymous,0,1,TRUE
43,IDH000000879565878519416,CC006ZMME04S000M00000006,"EB24265233,EB24265234,EB24265235,EB24265236,EB24265258,EB24265231,EB24265230,EB24265229,EB24265228,EB24265227,EB24265232",O-051051,OPLATE,M,,F,NonTrainted,4,1,DevCross,",,,,,,,,,,","CC006ZMME04S000M00000006/CC006ZMME04S000M00000333,CC006ZMME04S000M00000006/CC006ZMME04S000M00000836,CC006ZMME04S000M00000006/CC006ZMME04S000M00001043,CC006ZMME04S000M00000006/CC006ZMME04S000M00000695,CC006ZMME04S000M00000968/CC006ZMME04S000M00000006,CC006ZMME04S000M00000006/CC006ZMME04S000M00000844,CC006ZMME04S000M00000006/CC006ZMME04S000M00000370,CC006ZMME04S000M00000006/CC006ZMME04S000M00000959,CC006ZMME04S000M00000006/CC006ZMME04S000M00000441,CC006ZMME04S000M00000006/CC006ZMME04S000M00000449,CC006ZMME04S000M00000006/CC006ZMML04S000M00000781",",,,,,,,,,,",",,,,,,,,,,",PROHIBITED,"1,1,1,1,1,1,1,1,1,1,1",460,P00000000879565878495790,6bc1f57c-15a1-4451-831e-3fd085589f91,102,"000,000,000,000,000,000,000,000,000,000,000",879565878495615,43,24GDH_MG1066,Anonymous,0,1,TRUE
44,IDH000000879565878519019,CC006ZMME04S000M00000449,EB24265227,O-051051,OPLATE,F,,F,NonTrainted,4,2,DevCross,,CC006ZMME04S000M00000006/CC006ZMME04S000M00000449,,,PROHIBITED,1,45,P00000000879565878495791,0864f4bb-1de3-4b05-b1b2-38fd44c6b84b,102,0,879565878495616,44,24GDH_MG1066,Anonymous,0,1,TRUE
45,IDH000000879565878519034,CC006ZMME04S000M00000441,EB24265228,O-051051,OPLATE,F,,F,NonTrainted,4,3,DevCross,,CC006ZMME04S000M00000006/CC006ZMME04S000M00000441,,,PROHIBITED,1,53,P00000000879565878495792,6a725a79-49bb-431e-896d-a4f94bbf6d6d,102,0,879565878495617,45,24GDH_MG1066,Anonymous,0,1,TRUE
46,IDH000000879565878516995,CC006ZMME04S000M00000959,EB24265229,O-051051,OPLATE,F,,F,NonTrainted,4,4,DevCross,,CC006ZMME04S000M00000006/CC006ZMME04S000M00000959,,,PROHIBITED,1,84,P00000000879565878495793,3183cb15-88af-426d-bdbd-912aac88d413,102,0,879565878495618,46,24GDH_MG1067,Anonymous,0,1,TRUE
47,IDH000000879565878519074,CC006ZMME04S000M00000370,EB24265230,O-051051,OPLATE,F,,F,NonTrainted,4,5,DevCross,,CC006ZMME04S000M00000006/CC006ZMME04S000M00000370,,,PROHIBITED,1,106,P00000000879565878495794,6b8ad1de-3532-4cf5-98db-48d3b9958206,102,0,879565878495619,47,24GDH_MG1066,Anonymous,0,1,TRUE
48,IDH000000879565878517491,CC006ZMME04S000M00000844,EB24265231,O-051051,OPLATE,F,,F,NonTrainted,4,6,DevCross,,CC006ZMME04S000M00000006/CC006ZMME04S000M00000844,,,PROHIBITED,1,95,P00000000879565878495795,2ab979bf-8065-4e22-b296-3719483aea29,102,0,879565878495620,48,24GDH_MG1067,Anonymous,0,1,TRUE
49,IDH000000879565878518288,CC006ZMML04S000M00000781,EB24265232,O-051208,OPLATE,F,,F,NonTrainted,1,1,DevCross,,CC006ZMME04S000M00000006/CC006ZMML04S000M00000781,,,PROHIBITED,1,164,P00000000879565878495796,d8ff8cad-cb8f-4ec6-963a-7cc37372c1b8,102,0,879565878495621,49,24GDH_MG1069,Anonymous,0,1,TRUE
50,IDH000000879565878519088,CC006ZMME04S000M00000333,EB24265233,O-051208,OPLATE,F,,F,NonTrainted,1,2,DevCross,,CC006ZMME04S000M00000006/CC006ZMME04S000M00000333,,,PROHIBITED,1,160,P00000000879565878495797,87a6bbe5-fb3d-45e7-8204-1808244d05dd,102,0,879565878495622,50,24GDH_MG1066,Anonymous,0,1,TRUE
51,IDH000000879565878517716,CC006ZMME04S000M00000836,EB24265234,O-051208,OPLATE,F,,F,NonTrainted,1,3,DevCross,,CC006ZMME04S000M00000006/CC006ZMME04S000M00000836,,,PROHIBITED,1,178,P00000000879565878495798,132b7e86-07bc-4994-9e56-9bb4bb2d23ef,102,0,879565878495623,51,24GDH_MG1067,Anonymous,0,1,TRUE
52,IDH000000879565878516452,CC006ZMME04S000M00001043,EB24265235,O-051208,OPLATE,F,,F,NonTrainted,1,4,DevCross,,CC006ZMME04S000M00000006/CC006ZMME04S000M00001043,,,PROHIBITED,1,527,P00000000879565878495799,a2c4d4dd-b10c-4e84-ae15-1d64533bcaf4,102,0,879565878495624,52,24GDH_MG1068,Anonymous,0,1,TRUE
53,IDH000000879565878517316,CC006ZMME04S000M00000695,"EB24265204,EB24265202,EB24265200,EB24265208,EB24265198,EB24265210,EB24265236,EB24265206",O-051208,OPLATE,M,,F,NonTrainted,1,5,DevCross,",,,,,,,","CC006ZMME04S000M00000695/CC005ZMML04S000M50001595,CC006ZMME04S000M00000695/CC006ZMME04S000M00000962,CC006ZMME04S000M00000695/CC005ZMML04S000M50001637,CC006ZMME04S000M00000695/CC006ZMME04S000M00000439,CC006ZMME04S000M00000695/CC006ZMME04S000M00000905,CC006ZMME04S000M00000695/CC006ZMML04S000M00000917,CC006ZMME04S000M00000006/CC006ZMME04S000M00000695,CC006ZMME04S000M00000695/CC006ZMME04S000M00000690",",,,,,,,",",,,,,,,",PROHIBITED,"1,1,1,1,1,1,1,1",327,P00000000879565878495800,e2865235-297a-435e-86c1-916416f5a464,102,"000,000,000,000,000,000,000,000",879565878495625,53,24GDH_MG1067,Anonymous,0,1,TRUE
54,IDH000000879565878517831,CC006ZMME04S000M00000905,EB24265198,O-051208,OPLATE,F,,F,NonTrainted,1,6,DevCross,,CC006ZMME04S000M00000695/CC006ZMME04S000M00000905,,,PROHIBITED,1,233,P00000000879565878495801,fa39bd18-7cf1-402a-aa97-46d25d1318b9,102,0,879565878495626,54,24GDH_MG1067,Anonymous,0,1,TRUE
55,IDH000000879565878518655,CC005ZMML04S000M50001637,EB24265200,O-051208,OPLATE,F,,F,NonTrainted,2,1,DevCross,,CC006ZMME04S000M00000695/CC005ZMML04S000M50001637,,,PROHIBITED,1,9,P00000000879565878495802,828763a1-f374-40ba-bafd-87dbbe0e1280,102,0,879565878495627,55,24GDH_MG1070,Anonymous,0,1,TRUE
56,IDH000000879565878516990,CC006ZMME04S000M00000962,EB24265202,O-051208,OPLATE,F,,F,NonTrainted,2,2,DevCross,,CC006ZMME04S000M00000695/CC006ZMME04S000M00000962,,,PROHIBITED,1,79,P00000000879565878495803,c5111aac-660b-4dbd-aadf-5034f18f4a03,102,0,879565878495628,56,24GDH_MG1067,Anonymous,0,1,TRUE
57,IDH000000879565878518433,CC005ZMML04S000M50001595,EB24265204,O-051208,OPLATE,F,,F,NonTrainted,2,3,DevCross,,CC006ZMME04S000M00000695/CC005ZMML04S000M50001595,,,PROHIBITED,1,42,P00000000879565878495804,66c7b545-2cf9-4e39-b1f9-a913e152bc50,102,0,879565878495629,57,24GDH_MG1070,Anonymous,0,1,TRUE
58,IDH000000879565878516849,CC006ZMME04S000M00000690,EB24265206,O-051208,OPLATE,F,,F,NonTrainted,2,4,DevCross,,CC006ZMME04S000M00000695/CC006ZMME04S000M00000690,,,PROHIBITED,1,343,P00000000879565878495805,d18b68fe-ea7d-4d0e-bece-cf8b4558a31d,102,0,879565878495630,58,24GDH_MG1067,Anonymous,0,1,TRUE
59,IDH000000879565878519029,CC006ZMME04S000M00000439,EB24265208,O-051208,OPLATE,F,,F,NonTrainted,2,5,DevCross,,CC006ZMME04S000M00000695/CC006ZMME04S000M00000439,,,PROHIBITED,1,51,P00000000879565878495806,e97d993c-7b5b-4bb6-8f2a-25111e83cc11,102,0,879565878495631,59,24GDH_MG1066,Anonymous,0,1,TRUE
60,IDH000000879565878518189,CC006ZMML04S000M00000917,EB24265210,O-051208,OPLATE,F,,F,NonTrainted,2,6,DevCross,,CC006ZMME04S000M00000695/CC006ZMML04S000M00000917,,,PROHIBITED,1,16,P00000000879565878495807,5b8c115f-e850-42c4-9e56-5ce8f578503f,102,0,879565878495632,60,24GDH_MG1069,Anonymous,0,1,TRUE
61,IDH000000879565878516887,CC006ZMME04S000M00000294,"EB24265295,EB24265171,EB24265289,EB24265290,EB24265291,EB24265292,EB24265293,EB24265294,EB24265296,EB24265297,EB24265298",O-051208,OPLATE,M,,M,NonTrainted,3,1,DevCross,",,,,,,,,,,","CC006ZMME04S000M00000294/CC005ZMME04S000M40001015,CC005ZMME04S000M40001015/CC006ZMME04S000M00000294,CC006ZMME04S000M00000294/CC006ZMME04S000M00000234,CC006ZMME04S000M00000294/CC006ZMME04S000M00000236,CC006ZMME04S000M00000294/CC006ZMME04S000M00000203,CC006ZMME04S000M00000294/CC005ZMML04S000M50001623,CC006ZMME04S000M00000294/CC006ZMME04S000M00000550,CC006ZMME04S000M00000294/CC006ZMME04S000M00000154,CC006ZMME04S000M00000294/CC006ZMME04S000M00001081,CC006ZMME04S000M00000294/CC006ZMME04S000M00000696,CC006ZMME04S000M00000294/CC006ZMME04S000M00000425",",,,,,,,,,,",",,,,,,,,,,",PROHIBITED,"1,1,1,1,1,1,1,1,1,1,1",548,P00000000879565878495808,456c0e00-794d-457d-ae70-3bfc92ed3cfe,102,"000,000,000,000,000,000,000,000,000,000,000",879565878495633,61,24GDH_MG1067,Anonymous,0,1,TRUE
62,IDH000000879565878516814,CC006ZMME04S000M00000234,EB24265289,O-051208,OPLATE,F,,F,NonTrainted,3,2,DevCross,,CC006ZMME04S000M00000294/CC006ZMME04S000M00000234,,,PROHIBITED,1,565,P00000000879565878495809,16fdaa3f-21b6-42b2-8a81-85bb8f30735f,102,0,879565878495634,62,24GDH_MG1067,Anonymous,0,1,TRUE
63,IDH000000879565878516804,CC006ZMME04S000M00000236,EB24265290,O-051208,OPLATE,F,,F,NonTrainted,3,3,DevCross,,CC006ZMME04S000M00000294/CC006ZMME04S000M00000236,,,PROHIBITED,1,562,P00000000879565878495810,6f0b94cb-0820-432c-b195-8ac5eb547f1a,102,0,879565878495635,63,24GDH_MG1067,Anonymous,0,1,TRUE
64,IDH000000879565878519379,CC006ZMME04S000M00000203,EB24265291,O-051208,OPLATE,F,,F,NonTrainted,3,4,DevCross,,CC006ZMME04S000M00000294/CC006ZMME04S000M00000203,,,PROHIBITED,1,265,P00000000879565878495811,2cd9631c-3fe1-4d00-b7ad-b73de00afe20,102,0,879565878495636,64,24GDH_MG1066,Anonymous,0,1,TRUE
65,IDH000000879565878518501,CC005ZMML04S000M50001623,EB24265292,O-051208,OPLATE,F,,F,NonTrainted,3,5,DevCross,,CC006ZMME04S000M00000294/CC005ZMML04S000M50001623,,,PROHIBITED,1,13,P00000000879565878495812,c7df1cef-814f-486f-8506-f06a195fd9d0,102,0,879565878495637,65,24GDH_MG1070,Anonymous,0,1,TRUE
66,IDH000000879565878517955,CC006ZMME04S000M00000550,EB24265293,O-051208,OPLATE,F,,F,NonTrainted,3,6,DevCross,,CC006ZMME04S000M00000294/CC006ZMME04S000M00000550,,,PROHIBITED,1,510,P00000000879565878495813,5cb1f117-7f10-4d30-89d6-bc9ad2b4ae2a,102,0,879565878495638,66,24GDH_MG1067,Anonymous,0,1,TRUE
67,IDH000000879565878519256,CC006ZMME04S000M00000154,EB24265294,O-051208,OPLATE,F,,F,NonTrainted,4,1,DevCross,,CC006ZMME04S000M00000294/CC006ZMME04S000M00000154,,,PROHIBITED,1,315,P00000000879565878495814,5ae88743-1c58-4664-b96c-ac87b19db449,102,0,879565878495639,67,24GDH_MG1066,Anonymous,0,1,TRUE
68,IDH000000879565878518990,CC005ZMME04S000M40001015,"EB24265173,EB24265295,EB24265175,EB24265169,EB24265171",O-051208,OPLATE,M,,F,NonTrainted,4,2,DevCross,",,,,","CC005ZMME04S000M40001015/CC006ZMME04S000M00000968,CC006ZMME04S000M00000294/CC005ZMME04S000M40001015,CC005ZMME04S000M40001015/CC006ZMME04S000M00000633,CC005ZMME04S000M40001015/CC006ZMME04S000M00000652,CC005ZMME04S000M40001015/CC006ZMME04S000M00000294",",,,,",",,,,",PROHIBITED,"1,1,1,1,1",469,P00000000879565878495815,162c2df0-39ff-4ff9-8402-de9306ab6bcf,102,"000,000,000,000,000",879565878495640,68,24GDH_MG1066,Anonymous,0,1,TRUE
69,IDH000000879565878516189,CC006ZMME04S000M00001081,"EB24265296,EB24265177",O-051208,OPLATE,M,,F,NonTrainted,4,3,DevCross,",","CC006ZMME04S000M00000294/CC006ZMME04S000M00001081,CC006ZMME04S000M00001081/CC006ZMME04S000M00000618",",",",",PROHIBITED,1.1,520,P00000000879565878495816,b8989898-0830-409d-8608-c8de9eae2cb2,102,0,879565878495641,69,24GDH_MG1068,Anonymous,0,1,TRUE
70,IDH000000879565878517336,CC006ZMME04S000M00000696,"EB24265297,EB24265197",O-051208,OPLATE,M,,F,NonTrainted,4,4,DevCross,",","CC006ZMME04S000M00000294/CC006ZMME04S000M00000696,CC006ZMME04S000M00000696/CC006ZMME04S000M00001082",",",",",PROHIBITED,1.1,332,P00000000879565878495817,e63879d2-ae25-4134-9e1e-092cdba3b6fb,102,0,879565878495642,70,24GDH_MG1067,Anonymous,0,1,TRUE
71,IDH000000879565878516872,CC006ZMME04S000M00000425,"EB24265262,EB24265263,EB24265264,EB24265265,EB24265298,EB24265259,EB24265260,EB24265261",O-051208,OPLATE,M,,F,NonTrainted,4,5,DevCross,",,,,,,,","CC006ZMME04S000M00000425/CC006ZMME04S000M00000125,CC006ZMME04S000M00000425/CC006ZMME04S000M00000481,CC006ZMME04S000M00000425/CC006ZMME04S000M00000605,CC006ZMME04S000M00000425/CC006ZMME04S000M00000684,CC006ZMME04S000M00000294/CC006ZMME04S000M00000425,CC006ZMME04S000M00000425/CC006ZMME04S000M00001173,CC006ZMME04S000M00000425/CC006ZMML04S000M00000538,CC006ZMME04S000M00000425/CC006ZMML04S000M00000508",",,,,,,,",",,,,,,,",PROHIBITED,"1,1,1,1,1,1,1,1",546,P00000000879565878495818,12ea72e0-523f-4747-b1db-e264a0840a43,102,"000,000,000,000,000,000,000,000",879565878495643,71,24GDH_MG1067,Anonymous,0,1,TRUE
72,IDH000000879565878516255,CC006ZMME04S000M00001173,EB24265259,O-051208,OPLATE,F,,F,NonTrainted,4,6,DevCross,,CC006ZMME04S000M00000425/CC006ZMME04S000M00001173,,,PROHIBITED,1,438,P00000000879565878495819,65af3738-de6b-46e9-a5e8-6cefb851dafb,102,0,879565878495644,72,24GDH_MG1068,Anonymous,0,1,TRUE
73,IDH000000879565878518180,CC006ZMML04S000M00000538,EB24265260,O-051209,OPLATE,F,,F,NonTrainted,1,1,DevCross,,CC006ZMME04S000M00000425/CC006ZMML04S000M00000538,,,PROHIBITED,1,378,P00000000879565878495820,0096e463-48b7-4a4a-961f-ed684219724b,102,0,879565878495645,73,24GDH_MG1069,Anonymous,0,1,TRUE
74,IDH000000879565878518282,CC006ZMML04S000M00000508,EB24265261,O-051209,OPLATE,F,,F,NonTrainted,1,2,DevCross,,CC006ZMME04S000M00000425/CC006ZMML04S000M00000508,,,PROHIBITED,1,409,P00000000879565878495821,4a234089-9975-40b3-86dc-7a25351eea62,102,0,879565878495646,74,24GDH_MG1069,Anonymous,0,1,TRUE
75,IDH000000879565878519251,CC006ZMME04S000M00000125,EB24265262,O-051209,OPLATE,F,,F,NonTrainted,1,3,DevCross,,CC006ZMME04S000M00000425/CC006ZMME04S000M00000125,,,PROHIBITED,1,309,P00000000879565878495822,ab7b0bac-c2dd-464f-aea0-52fafaeb81a8,102,0,879565878495647,75,24GDH_MG1066,Anonymous,0,1,TRUE
76,IDH000000879565878519445,CC006ZMME04S000M00000481,EB24265263,O-051209,OPLATE,F,,F,NonTrainted,1,4,DevCross,,CC006ZMME04S000M00000425/CC006ZMME04S000M00000481,,,PROHIBITED,1,14,P00000000879565878495823,5414aa75-38ef-46ee-9aa3-83520b0c1bba,102,0,879565878495648,76,24GDH_MG1066,Anonymous,0,1,TRUE
77,IDH000000879565878517063,CC006ZMME04S000M00000605,EB24265264,O-051209,OPLATE,F,,F,NonTrainted,1,5,DevCross,,CC006ZMME04S000M00000425/CC006ZMME04S000M00000605,,,PROHIBITED,1,349,P00000000879565878495824,1f9ca165-87cc-4901-b121-0c03f04f73b6,102,0,879565878495649,77,24GDH_MG1067,Anonymous,0,1,TRUE
78,IDH000000879565878517178,CC006ZMME04S000M00000684,"EB24265265,EB24265181",O-051209,OPLATE,M,,F,NonTrainted,1,6,DevCross,",","CC006ZMME04S000M00000425/CC006ZMME04S000M00000684,CC006ZMME04S000M00000684/CC006ZMME04S000M00000472",",",",",PROHIBITED,1.1,391,P00000000879565878495825,794cc798-ae62-4d82-b61a-aeec4e9d6e01,102,0,879565878495650,78,24GDH_MG1067,Anonymous,0,1,TRUE
79,IDH000000879565878517193,CC006ZMME04S000M00000652,"EB24265169,EB24265209",O-051209,OPLATE,M,,M,NonTrainted,2,1,DevCross,",","CC005ZMME04S000M40001015/CC006ZMME04S000M00000652,CC006ZMME04S000M00000652/CC006ZMME04S000M00000015",",",",",PROHIBITED,1.1,396,P00000000879565878495826,2b5f0cca-4323-4b9d-a5af-0ccadb54db8b,102,0,879565878495651,79,24GDH_MG1067,Anonymous,0,1,TRUE
80,IDH000000879565878517005,CC006ZMME04S000M00000968,"EB24265253,EB24265254,EB24265251,EB24265250,EB24265249,EB24265173,EB24265256,EB24265252,EB24265257,EB24265258,EB24265255",O-051209,OPLATE,M,,M,NonTrainted,2,2,DevCross,",,,,,,,,,,","CC006ZMME04S000M00000968/CC006ZMME04S000M00000543,CC006ZMME04S000M00000968/CC006ZMME04S000M00000873,CC006ZMME04S000M00000968/CC006ZMML04S000M00000982,CC006ZMME04S000M00000968/CC005ZMML04S000M50001609,CC006ZMME04S000M00000968/CC006ZMME04S000M00000691,CC005ZMME04S000M40001015/CC006ZMME04S000M00000968,CC006ZMME04S000M00000968/CC006ZMML04S000M00000196,CC006ZMME04S000M00000968/CC005ZMML04S000M50001605,CC006ZMME04S000M00000968/CC006ZMME04S000M00000667,CC006ZMME04S000M00000968/CC006ZMME04S000M00000006,CC006ZMME04S000M00000968/CC006ZMME04S000M00000946",",,,,,,,,,,",",,,,,,,,,,",PROHIBITED,"1,1,1,1,1,1,1,1,1,1,1",86,P00000000879565878495827,b2b5c805-ed77-4e1e-9506-5655437f6137,102,"000,000,000,000,000,000,000,000,000,000,000",879565878495652,80,24GDH_MG1067,Anonymous,0,1,TRUE
81,IDH000000879565878517123,CC006ZMME04S000M00000633,"EB24265175,EB24265207",O-051209,OPLATE,M,,M,NonTrainted,2,3,DevCross,",","CC005ZMME04S000M40001015/CC006ZMME04S000M00000633,CC006ZMME04S000M00000633/CC006ZMME04S000M00000742",",",",",PROHIBITED,1.1,373,P00000000879565878495828,9dad9ce1-0b0a-46c3-84aa-278090e17e3a,102,0,879565878495653,81,24GDH_MG1067,Anonymous,0,1,TRUE
82,IDH000000879565878516839,CC006ZMME04S000M00000691,EB24265249,O-051209,OPLATE,F,,F,NonTrainted,2,4,DevCross,,CC006ZMME04S000M00000968/CC006ZMME04S000M00000691,,,PROHIBITED,1,339,P00000000879565878495829,189b1240-84df-4b91-aaf0-1e4630140285,102,0,879565878495654,82,24GDH_MG1067,Anonymous,0,1,TRUE
83,IDH000000879565878518456,CC005ZMML04S000M50001609,EB24265250,O-051209,OPLATE,F,,F,NonTrainted,2,5,DevCross,,CC006ZMME04S000M00000968/CC005ZMML04S000M50001609,,,PROHIBITED,1,35,P00000000879565878495830,24a920fa-4b31-42f0-9d19-792a250f0c51,102,0,879565878495655,83,24GDH_MG1070,Anonymous,0,1,TRUE
84,IDH000000879565878518842,CC006ZMML04S000M00000982,EB24265251,O-051209,OPLATE,F,,F,NonTrainted,2,6,DevCross,,CC006ZMME04S000M00000968/CC006ZMML04S000M00000982,,,PROHIBITED,1,390,P00000000879565878495831,2dab8b01-a6f2-4c31-b5a8-a8d324d6faf0,102,0,879565878495656,84,24GDH_MG1070,Anonymous,0,1,TRUE
85,IDH000000879565878518451,CC005ZMML04S000M50001605,EB24265252,O-051209,OPLATE,F,,F,NonTrainted,3,1,DevCross,,CC006ZMME04S000M00000968/CC005ZMML04S000M50001605,,,PROHIBITED,1,22,P00000000879565878495832,35f481f1-264c-45e6-954f-389656d69041,102,0,879565878495657,85,24GDH_MG1070,Anonymous,0,1,TRUE
86,IDH000000879565878517940,CC006ZMME04S000M00000543,EB24265253,O-051209,OPLATE,F,,F,NonTrainted,3,2,DevCross,,CC006ZMME04S000M00000968/CC006ZMME04S000M00000543,,,PROHIBITED,1,472,P00000000879565878495833,faaca43a-c4b1-47e9-8800-e2ac348760e1,102,0,879565878495658,86,24GDH_MG1067,Anonymous,0,1,TRUE
87,IDH000000879565878517556,CC006ZMME04S000M00000873,EB24265254,O-051209,OPLATE,F,,F,NonTrainted,3,3,DevCross,,CC006ZMME04S000M00000968/CC006ZMME04S000M00000873,,,PROHIBITED,1,116,P00000000879565878495834,c2714233-7555-40a6-a1b1-42ea497a977e,102,0,879565878495659,87,24GDH_MG1067,Anonymous,0,1,TRUE
88,IDH000000879565878517711,CC006ZMME04S000M00000946,EB24265255,O-051209,OPLATE,F,,F,NonTrainted,3,4,DevCross,,CC006ZMME04S000M00000968/CC006ZMME04S000M00000946,,,PROHIBITED,1,176,P00000000879565878495835,7a7d1c02-ee89-448e-bac0-499fc48fe15d,102,0,879565878495660,88,24GDH_MG1067,Anonymous,0,1,TRUE
89,IDH000000879565878516563,CC006ZMML04S000M00000196,EB24265256,O-051209,OPLATE,F,,F,NonTrainted,3,5,DevCross,,CC006ZMME04S000M00000968/CC006ZMML04S000M00000196,,,PROHIBITED,1,177,P00000000879565878495836,36481519-75ae-42e4-b641-eb8c73d8140d,102,0,879565878495661,89,24GDH_MG1068,Anonymous,0,1,TRUE
90,IDH000000879565878517223,CC006ZMME04S000M00000667,"EB24265311,EB24265314,EB24265313,EB24265312,EB24265310,EB24265309,EB24265308,EB24265257",O-051209,OPLATE,M,,M,NonTrainted,3,6,DevCross,",,,,,,,","CC006ZMME04S000M00000667/CC006ZMME04S000M00000351,CC006ZMME04S000M00000667/CC006ZMME04S000M00000726,CC006ZMME04S000M00000667/CC006ZMME04S000M00000710,CC006ZMME04S000M00000667/CC006ZMML04S000M00001029,CC006ZMME04S000M00000667/CC006ZMME04S000M00000477,CC006ZMME04S000M00000667/CC006ZMML04S000M00000341,CC006ZMME04S000M00000667/CC006ZMME04S000M00000448,CC006ZMME04S000M00000968/CC006ZMME04S000M00000667",",,,,,,,",",,,,,,,",PROHIBITED,"1,1,1,1,1,1,1,1",404,P00000000879565878495837,30821698-5d8e-4581-956f-a6fd42d054ad,102,"000,000,000,000,000,000,000,000",879565878495662,90,24GDH_MG1067,Anonymous,0,1,TRUE
91,IDH000000879565878519024,CC006ZMME04S000M00000448,EB24265308,O-051209,OPLATE,F,,F,NonTrainted,4,1,DevCross,,CC006ZMME04S000M00000667/CC006ZMME04S000M00000448,,,PROHIBITED,1,46,P00000000879565878495838,35644c38-0acc-42e3-bfcc-a7113ee5448c,102,0,879565878495663,91,24GDH_MG1066,Anonymous,0,1,TRUE
92,IDH000000879565878518241,CC006ZMML04S000M00000341,EB24265309,O-051209,OPLATE,F,,F,NonTrainted,4,2,DevCross,,CC006ZMME04S000M00000667/CC006ZMML04S000M00000341,,,PROHIBITED,1,511,P00000000879565878495839,f78d327e-eaf8-4dd9-91b8-ea5a8ffebbdf,102,0,879565878495664,92,24GDH_MG1069,Anonymous,0,1,TRUE
93,IDH000000879565878519465,CC006ZMME04S000M00000477,EB24265310,O-051209,OPLATE,F,,F,NonTrainted,4,3,DevCross,,CC006ZMME04S000M00000667/CC006ZMME04S000M00000477,,,PROHIBITED,1,24,P00000000879565878495840,1a510cd8-c9d6-479a-9235-fd7e9976fa5b,102,0,879565878495665,93,24GDH_MG1066,Anonymous,0,1,TRUE
94,IDH000000879565878519059,CC006ZMME04S000M00000351,EB24265311,O-051209,OPLATE,F,,F,NonTrainted,4,4,DevCross,,CC006ZMME04S000M00000667/CC006ZMME04S000M00000351,,,PROHIBITED,1,62,P00000000879565878495841,8e062318-8b20-4b26-a7f1-44b51aa19f45,102,0,879565878495666,94,24GDH_MG1066,Anonymous,0,1,TRUE
95,IDH000000879565878518827,CC006ZMML04S000M00001029,EB24265312,O-051209,OPLATE,F,,F,NonTrainted,4,5,DevCross,,CC006ZMME04S000M00000667/CC006ZMML04S000M00001029,,,PROHIBITED,1,383,P00000000879565878495842,576eb056-a9e7-474a-befa-3fc0abaf2f46,102,0,879565878495667,95,24GDH_MG1070,Anonymous,0,1,TRUE
96,IDH000000879565878517386,CC006ZMME04S000M00000710,"EB24265179,EB24265313",O-051209,OPLATE,M,,F,NonTrainted,4,6,DevCross,",","CC006ZMME04S000M00000710/CC006ZMME04S000M00001084,CC006ZMME04S000M00000667/CC006ZMME04S000M00000710",",",",",PROHIBITED,1.1,319,P00000000879565878495843,d2b0ec4d-be25-4704-97fe-96a4c0ee643f,102,0,879565878495668,96,24GDH_MG1067,Anonymous,0,1,TRUE
97,IDH000000879565878516751,CC006ZMME04S000M00000726,EB24265314,O-059702,OPLATE,F,,F,NonTrainted,1,1,DevCross,,CC006ZMME04S000M00000667/CC006ZMME04S000M00000726,,,PROHIBITED,1,292,P00000000879565878495844,97cfa849-6f6b-443a-8db8-2ecd22f0b189,102,0,879565878495669,97,24GDH_MG1067,Anonymous,0,1,TRUE
98,IDH000000879565878516766,CC006ZMME04S000M00000742,"EB24265207,EB24265199",O-059702,OPLATE,M,,F,NonTrainted,1,2,DevCross,",","CC006ZMME04S000M00000633/CC006ZMME04S000M00000742,CC006ZMME04S000M00000742/CC006ZMME04S000M00000338",",",",",PROHIBITED,1.1,303,P00000000879565878495845,22b6a9b3-5bdb-4171-b9db-f5020248c36f,102,0,879565878495670,98,24GDH_MG1067,Anonymous,0,1,TRUE
99,IDH000000879565878519307,CC006ZMME04S000M00000015,EB24265209,O-059702,OPLATE,F,,F,NonTrainted,1,3,DevCross,,CC006ZMME04S000M00000652/CC006ZMME04S000M00000015,,,PROHIBITED,1,441,P00000000879565878495846,54a214f4-a9dd-4fa3-afa6-b0159483a757,102,0,879565878495671,99,24GDH_MG1066,Anonymous,0,1,TRUE
100,IDH000000879565878519470,CC006ZMME04S000M00000472,"EB24265181,EB24265160,EB24265161,EB24265162,EB24265163,EB24265159",O-059702,OPLATE,M,,F,NonTrainted,1,4,DevCross,",,,,,","CC006ZMME04S000M00000684/CC006ZMME04S000M00000472,CC006ZMME04S000M00000472/CC006ZMME04S000M00000216,CC006ZMME04S000M00000472/CC006ZMML04S000M00000922,CC006ZMME04S000M00000472/CC006ZMME04S000M00000509,CC006ZMME04S000M00000472/CC006ZMME04S000M00001152,CC006ZMME04S000M00000472/CC006ZMME04S000M00000462",",,,,,",",,,,,",PROHIBITED,"1,1,1,1,1,1",29,P00000000879565878495847,cc538a94-9c92-42f2-8b21-dcf04a67d76d,102,"000,000,000,000,000,000",879565878495672,100,24GDH_MG1066,Anonymous,0,1,TRUE
101,IDH000000879565878519450,CC006ZMME04S000M00000462,EB24265159,O-059702,OPLATE,F,,F,NonTrainted,1,5,DevCross,,CC006ZMME04S000M00000472/CC006ZMME04S000M00000462,,,PROHIBITED,1,15,P00000000879565878495848,b5b902a4-511a-4624-b7f2-409e7dfce306,102,0,879565878495673,101,24GDH_MG1066,Anonymous,0,1,TRUE
102,IDH000000879565878519512,CC006ZMME04S000M00000216,EB24265160,O-059702,OPLATE,F,,F,NonTrainted,1,6,DevCross,,CC006ZMME04S000M00000472/CC006ZMME04S000M00000216,,,PROHIBITED,1,248,P00000000879565878495849,e4da188a-d964-4519-b47d-c295f4bab6e9,102,0,879565878495674,102,24GDH_MG1066,Anonymous,0,1,TRUE
103,IDH000000879565878518204,CC006ZMML04S000M00000922,EB24265161,O-059702,OPLATE,F,,F,NonTrainted,2,1,DevCross,,CC006ZMME04S000M00000472/CC006ZMML04S000M00000922,,,PROHIBITED,1,43,P00000000879565878495850,bcc6dd22-0b10-47a5-91ac-d5523df7616e,102,0,879565878495675,103,24GDH_MG1069,Anonymous,0,1,TRUE
104,IDH000000879565878517965,CC006ZMME04S000M00000509,EB24265162,O-059702,OPLATE,F,,F,NonTrainted,2,2,DevCross,,CC006ZMME04S000M00000472/CC006ZMME04S000M00000509,,,PROHIBITED,1,526,P00000000879565878495851,38a09997-2d1f-4a9c-b6a3-754e86fcbf39,102,0,879565878495676,104,24GDH_MG1067,Anonymous,0,1,TRUE
105,IDH000000879565878516250,CC006ZMME04S000M00001152,EB24265163,O-059702,OPLATE,F,,F,NonTrainted,2,3,DevCross,,CC006ZMME04S000M00000472/CC006ZMME04S000M00001152,,,PROHIBITED,1,402,P00000000879565878495852,a7b338a3-3c33-422e-9104-e8c33b9e9728,102,0,879565878495677,105,24GDH_MG1068,Anonymous,0,1,TRUE
106,IDH000000879565878516194,CC006ZMME04S000M00001082,EB24265197,O-059702,OPLATE,F,,F,NonTrainted,2,4,DevCross,,CC006ZMME04S000M00000696/CC006ZMME04S000M00001082,,,PROHIBITED,1,521,P00000000879565878495853,8bcc693e-8f88-456a-ae16-ff94fde582a8,102,0,879565878495678,106,24GDH_MG1068,Anonymous,0,1,TRUE
107,IDH000000879565878516179,CC006ZMME04S000M00001084,EB24265179,O-059702,OPLATE,F,,F,NonTrainted,2,5,DevCross,,CC006ZMME04S000M00000710/CC006ZMME04S000M00001084,,,PROHIBITED,1,514,P00000000879565878495854,b0a62ea5-8809-4529-81f6-c277a48a16c5,102,0,879565878495679,107,24GDH_MG1068,Anonymous,0,1,TRUE
108,IDH000000879565878519069,CC006ZMME04S000M00000338,"EB24265199,EB24265191,EB24265192,EB24265190,EB24265196,EB24265193,EB24265187,EB24265194,EB24265188,EB24265189,EB24265195",O-059702,OPLATE,M,,F,NonTrainted,2,6,DevCross,",,,,,,,,,,","CC006ZMME04S000M00000742/CC006ZMME04S000M00000338,CC006ZMME04S000M00000338/CC006ZMME04S000M00000565,CC006ZMME04S000M00000338/CC006ZMME04S000M00000350,CC006ZMME04S000M00000338/CC006ZMME04S000M00001108,CC006ZMME04S000M00000338/CC005ZMME04S000M40001019,CC006ZMME04S000M00000338/CC006ZMME04S000M00000892,CC006ZMME04S000M00000338/CC006ZMME04S000M00000243,CC006ZMME04S000M00000338/CC006ZMME04S000M00000852,CC006ZMME04S000M00000338/CC006ZMML04S000M00000819,CC006ZMME04S000M00000338/CC006ZMME04S000M00000238,CC006ZMME04S000M00000338/CC006ZMME04S000M00000028",",,,,,,,,,,",",,,,,,,,,,",PROHIBITED,"1,1,1,1,1,1,1,1,1,1,1",82,P00000000879565878495855,849b5143-1d91-49b3-a940-b20d665f9050,102,"000,000,000,000,000,000,000,000,000,000,000",879565878495680,108,24GDH_MG1066,Anonymous,0,1,TRUE
109,IDH000000879565878516819,CC006ZMME04S000M00000243,EB24265187,O-059702,OPLATE,F,,F,NonTrainted,3,1,DevCross,,CC006ZMME04S000M00000338/CC006ZMME04S000M00000243,,,PROHIBITED,1,569,P00000000879565878495856,f1d85677-c681-4b93-af00-b978038c7b08,102,0,879565878495681,109,24GDH_MG1067,Anonymous,0,1,TRUE
110,IDH000000879565878518126,CC006ZMML04S000M00000819,EB24265188,O-059702,OPLATE,F,,F,NonTrainted,3,2,DevCross,,CC006ZMME04S000M00000338/CC006ZMML04S000M00000819,,,PROHIBITED,1,122,P00000000879565878495857,274501d4-dc2c-42e9-9246-f125004ae0a2,102,0,879565878495682,110,24GDH_MG1069,Anonymous,0,1,TRUE
111,IDH000000879565878516789,CC006ZMME04S000M00000238,EB24265189,O-059702,OPLATE,F,,F,NonTrainted,3,3,DevCross,,CC006ZMME04S000M00000338/CC006ZMME04S000M00000238,,,PROHIBITED,1,558,P00000000879565878495858,de365f44-5fa7-4d8a-af96-2cc503954f19,102,0,879565878495683,111,24GDH_MG1067,Anonymous,0,1,TRUE
112,IDH000000879565878516477,CC006ZMME04S000M00001108,EB24265190,O-059702,OPLATE,F,,F,NonTrainted,3,4,DevCross,,CC006ZMME04S000M00000338/CC006ZMME04S000M00001108,,,PROHIBITED,1,484,P00000000879565878495859,23837f19-33f0-48a3-90da-4e20dc9fa2d5,102,0,879565878495684,112,24GDH_MG1068,Anonymous,0,1,TRUE
113,IDH000000879565878517970,CC006ZMME04S000M00000565,EB24265191,O-059702,OPLATE,F,,F,NonTrainted,3,5,DevCross,,CC006ZMME04S000M00000338/CC006ZMME04S000M00000565,,,PROHIBITED,1,535,P00000000879565878495860,4201c011-388d-4869-bdee-4d363a7a5803,102,0,879565878495685,113,24GDH_MG1067,Anonymous,0,1,TRUE
114,IDH000000879565878519064,CC006ZMME04S000M00000350,EB24265192,O-059702,OPLATE,F,,F,NonTrainted,3,6,DevCross,,CC006ZMME04S000M00000338/CC006ZMME04S000M00000350,,,PROHIBITED,1,68,P00000000879565878495861,38dfc6b5-6656-4877-8a9c-3f90e1f4a656,102,0,879565878495686,114,24GDH_MG1066,Anonymous,0,1,TRUE
115,IDH000000879565878517601,CC006ZMME04S000M00000892,EB24265193,O-059702,OPLATE,F,,F,NonTrainted,4,1,DevCross,,CC006ZMME04S000M00000338/CC006ZMME04S000M00000892,,,PROHIBITED,1,133,P00000000879565878495862,b0b6ec6b-49e4-4f87-b98e-958ef7590acb,102,0,879565878495687,115,24GDH_MG1067,Anonymous,0,1,TRUE
116,IDH000000879565878517581,CC006ZMME04S000M00000852,EB24265194,O-059702,OPLATE,F,,F,NonTrainted,4,2,DevCross,,CC006ZMME04S000M00000338/CC006ZMME04S000M00000852,,,PROHIBITED,1,127,P00000000879565878495863,7ad00de5-f4ca-49b2-8b49-b5a488a5cd29,102,0,879565878495688,116,24GDH_MG1067,Anonymous,0,1,TRUE
117,IDH000000879565878519210,CC006ZMME04S000M00000028,EB24265195,O-059702,OPLATE,F,,F,NonTrainted,4,3,DevCross,,CC006ZMME04S000M00000338/CC006ZMME04S000M00000028,,,PROHIBITED,1,368,P00000000879565878495864,b6598710-7219-47b9-b791-dd1c207907a3,102,0,879565878495689,117,24GDH_MG1066,Anonymous,0,1,TRUE
118,IDH000000879565878518985,CC005ZMME04S000M40001019,"EB24265216,EB24265196,EB24265214,EB24265215,EB24265217,EB24265218,EB24265212",O-059702,OPLATE,M,,M,NonTrainted,4,4,DevCross,",,,,,,","CC005ZMME04S000M40001019/CC006ZMME04S000M00000969,CC006ZMME04S000M00000338/CC005ZMME04S000M40001019,CC005ZMME04S000M40001019/CC006ZMME04S000M00000132,CC005ZMME04S000M40001019/CC006ZMME04S000M00000751,CC005ZMME04S000M40001019/CC006ZMME04S000M00001169,CC005ZMME04S000M40001019/CC006ZMME04S000M00001015,CC005ZMME04S000M40001019/CC006ZMME04S000M00000156",",,,,,,",",,,,,,",PROHIBITED,"1,1,1,1,1,1,1",468,P00000000879565878495865,a30b5df2-7fc9-4150-bd38-e29d6a629593,102,"000,000,000,000,000,000,000",879565878495690,118,24GDH_MG1066,Anonymous,0,1,TRUE
119,IDH000000879565878519261,CC006ZMME04S000M00000156,EB24265212,O-059702,OPLATE,F,,F,NonTrainted,4,5,DevCross,,CC005ZMME04S000M40001019/CC006ZMME04S000M00000156,,,PROHIBITED,1,321,P00000000879565878495866,bac140d0-6840-4d48-8ae5-428b507e7ec8,102,0,879565878495691,119,24GDH_MG1066,Anonymous,0,1,TRUE
120,IDH000000879565878519296,CC006ZMME04S000M00000132,EB24265214,O-059702,OPLATE,F,,F,NonTrainted,4,6,DevCross,,CC005ZMME04S000M40001019/CC006ZMME04S000M00000132,,,PROHIBITED,1,340,P00000000879565878495867,aa042910-317d-48c7-a401-20016a69af82,102,0,879565878495692,120,24GDH_MG1066,Anonymous,0,1,TRUE
121,IDH000000879565878517356,CC006ZMME04S000M00000751,EB24265215,O-057070,OPLATE,F,,F,NonTrainted,1,1,DevCross,,CC005ZMME04S000M40001019/CC006ZMME04S000M00000751,,,PROHIBITED,1,278,P00000000879565878495868,17213f1f-6a2e-4c68-87cc-e6081a75ff50,102,0,879565878495693,121,24GDH_MG1067,Anonymous,0,1,TRUE
122,IDH000000879565878516980,CC006ZMME04S000M00000969,EB24265216,O-057070,OPLATE,F,,F,NonTrainted,1,2,DevCross,,CC005ZMME04S000M40001019/CC006ZMME04S000M00000969,,,PROHIBITED,1,73,P00000000879565878495869,d1fea14c-9d9b-486d-9026-50448c25bcd8,102,0,879565878495694,122,24GDH_MG1067,Anonymous,0,1,TRUE
123,IDH000000879565878516260,CC006ZMME04S000M00001169,EB24265217,O-057070,OPLATE,F,,F,NonTrainted,1,3,DevCross,,CC005ZMME04S000M40001019/CC006ZMME04S000M00001169,,,PROHIBITED,1,445,P00000000879565878495870,ad33e90e-b25d-4a58-944c-d4046d9b17bf,102,0,879565878495695,123,24GDH_MG1068,Anonymous,0,1,TRUE
124,IDH000000879565878516207,CC006ZMME04S000M00001015,"EB24265286,EB24265218,EB24265279,EB24265280,EB24265281,EB24265282,EB24265283,EB24265284,EB24265285,EB24265287,EB24265288",O-057070,OPLATE,M,,M,NonTrainted,1,4,DevCross,",,,,,,,,,,","CC006ZMME04S000M00001015/CC006ZMME04S000M00000973,CC005ZMME04S000M40001019/CC006ZMME04S000M00001015,CC006ZMME04S000M00001015/CC006ZMME04S000M00000847,CC006ZMME04S000M00001015/CC006ZMME04S000M00000069,CC006ZMME04S000M00001015/CC006ZMME04S000M00000993,CC006ZMME04S000M00001015/CC006ZMME04S000M00001122,CC006ZMME04S000M00001015/CC006ZMML04S000M00000023,CC006ZMME04S000M00001015/CC006ZMML04S000M00000195,CC006ZMME04S000M00001015/CC006ZMME04S000M00000915,CC006ZMME04S000M00001015/CC006ZMME04S000M00000052,CC006ZMME04S000M00001015/CC006ZMME04S000M00000740",",,,,,,,,,,",",,,,,,,,,,",PROHIBITED,"1,1,1,1,1,1,1,1,1,1,1",543,P00000000879565878495871,04e10495-17e8-4c6b-8617-7ec713bd65f8,102,"000,000,000,000,000,000,000,000,000,000,000",879565878495696,124,24GDH_MG1068,Anonymous,0,1,TRUE
125,IDH000000879565878517576,CC006ZMME04S000M00000847,EB24265279,O-057070,OPLATE,F,,F,NonTrainted,1,5,DevCross,,CC006ZMME04S000M00001015/CC006ZMME04S000M00000847,,,PROHIBITED,1,126,P00000000879565878495872,429cb7f0-c58e-454d-a0dc-8914e5debc56,102,0,879565878495697,125,24GDH_MG1067,Anonymous,0,1,TRUE
126,IDH000000879565878519215,CC006ZMME04S000M00000069,EB24265280,O-057070,OPLATE,F,,F,NonTrainted,1,6,DevCross,,CC006ZMME04S000M00001015/CC006ZMME04S000M00000069,,,PROHIBITED,1,385,P00000000879565878495873,4a547b25-6f81-4218-b4d0-841d78e26afa,102,0,879565878495698,126,24GDH_MG1066,Anonymous,0,1,TRUE
127,IDH000000879565878516985,CC006ZMME04S000M00000993,EB24265281,O-057070,OPLATE,F,,F,NonTrainted,2,1,DevCross,,CC006ZMME04S000M00001015/CC006ZMME04S000M00000993,,,PROHIBITED,1,77,P00000000879565878495874,9c21b0c6-7673-47e6-9472-563c011f494b,102,0,879565878495699,127,24GDH_MG1067,Anonymous,0,1,TRUE
128,IDH000000879565878516502,CC006ZMME04S000M00001122,EB24265282,O-057070,OPLATE,F,,F,NonTrainted,2,2,DevCross,,CC006ZMME04S000M00001015/CC006ZMME04S000M00001122,,,PROHIBITED,1,498,P00000000879565878495875,8c658d53-3d05-4d20-9a15-345b019251f9,102,0,879565878495700,128,24GDH_MG1068,Anonymous,0,1,TRUE
129,IDH000000879565878516302,CC006ZMML04S000M00000023,EB24265283,O-057070,OPLATE,F,,F,NonTrainted,2,3,DevCross,,CC006ZMME04S000M00001015/CC006ZMML04S000M00000023,,,PROHIBITED,1,345,P00000000879565878495876,3f276bad-25b6-443c-bf17-2ccc60867584,102,0,879565878495701,129,24GDH_MG1068,Anonymous,0,1,TRUE
130,IDH000000879565878516578,CC006ZMML04S000M00000195,EB24265284,O-057070,OPLATE,F,,F,NonTrainted,2,4,DevCross,,CC006ZMME04S000M00001015/CC006ZMML04S000M00000195,,,PROHIBITED,1,189,P00000000879565878495877,426324ba-5d34-4157-a4f6-65d1cb5b2f0e,102,0,879565878495702,130,24GDH_MG1068,Anonymous,0,1,TRUE
131,IDH000000879565878517626,CC006ZMME04S000M00000915,EB24265285,O-057070,OPLATE,F,,F,NonTrainted,2,5,DevCross,,CC006ZMME04S000M00001015/CC006ZMME04S000M00000915,,,PROHIBITED,1,143,P00000000879565878495878,345bf34f-aaa9-499b-957c-96bd980c5eb9,102,0,879565878495703,131,24GDH_MG1067,Anonymous,0,1,TRUE
132,IDH000000879565878516960,CC006ZMME04S000M00000973,EB24265286,O-057070,OPLATE,F,,F,NonTrainted,2,6,DevCross,,CC006ZMME04S000M00001015/CC006ZMME04S000M00000973,,,PROHIBITED,1,62,P00000000879565878495879,5a4d6bc4-10d7-46b2-908c-c7dc54a87589,102,0,879565878495704,132,24GDH_MG1067,Anonymous,0,1,TRUE
133,IDH000000879565878519230,CC006ZMME04S000M00000052,EB24265287,O-057070,OPLATE,F,,F,NonTrainted,3,1,DevCross,,CC006ZMME04S000M00001015/CC006ZMME04S000M00000052,,,PROHIBITED,1,402,P00000000879565878495880,5153c995-3c85-4caf-aa12-73f76b3daa68,102,0,879565878495705,133,24GDH_MG1066,Anonymous,0,1,TRUE
134,IDH000000879565878516736,CC006ZMME04S000M00000740,EB24265288,O-057070,OPLATE,F,,F,NonTrainted,3,2,DevCross,,CC006ZMME04S000M00001015/CC006ZMME04S000M00000740,,,PROHIBITED,1,288,P00000000879565878495881,77d8fd74-0a16-4552-97fd-bfe738090c9b,102,0,879565878495706,134,24GDH_MG1067,Anonymous,0,1,TRUE
135,IDH000000879565878517263,CC006ZMME04S000M00000618,"EB24265177,EB24265186,EB24265184",O-057070,OPLATE,M,,M,NonTrainted,3,3,DevCross,",,","CC006ZMME04S000M00001081/CC006ZMME04S000M00000618,CC006ZMME04S000M00000618/CC005ZMME04S000M40001017,CC006ZMME04S000M00000618/CC006ZMME04S000M00000730",",,",",,",PROHIBITED,"1,1,1",424,P00000000879565878495882,887ce41f-f132-4ca9-b4bd-29e17edc8aa5,102,"000,000,000",879565878495707,135,24GDH_MG1067,Anonymous,0,1,TRUE
136,IDH000000879565878516746,CC006ZMME04S000M00000730,"EB24265184,EB24265272,EB24265267,EB24265266,EB24265274,EB24265273,EB24265271,EB24265270,EB24265269,EB24265268",O-057070,OPLATE,M,,M,NonTrainted,3,4,DevCross,",,,,,,,,,","CC006ZMME04S000M00000618/CC006ZMME04S000M00000730,CC006ZMME04S000M00000730/CC005ZMML04S000M50001593,CC006ZMME04S000M00000730/CC006ZMME04S000M00001091,CC006ZMME04S000M00000730/CC006ZMML04S000M00000824,CC006ZMME04S000M00000730/CC006ZMME04S000M00000589,CC006ZMME04S000M00000730/CC006ZMML04S000M00000920,CC006ZMME04S000M00000730/CC006ZMME04S000M00000978,CC006ZMME04S000M00000730/CC006ZMME04S000M00000241,CC006ZMME04S000M00000730/CC006ZMME04S000M00000486,CC006ZMME04S000M00000730/CC006ZMML04S000M00000514",",,,,,,,,,",",,,,,,,,,",PROHIBITED,"1,1,1,1,1,1,1,1,1,1",290,P00000000879565878495883,5036a051-6d05-441e-8991-b5fa4b60c196,102,"000,000,000,000,000,000,000,000,000,000",879565878495708,136,24GDH_MG1067,Anonymous,0,1,TRUE
137,IDH000000879565878518121,CC006ZMML04S000M00000824,EB24265266,O-057070,OPLATE,F,,F,NonTrainted,3,5,DevCross,,CC006ZMME04S000M00000730/CC006ZMML04S000M00000824,,,PROHIBITED,1,121,P00000000879565878495884,fc70f7e7-46d9-4233-95d2-ac203e150a15,102,0,879565878495709,137,24GDH_MG1069,Anonymous,0,1,TRUE
138,IDH000000879565878516482,CC006ZMME04S000M00001091,EB24265267,O-057070,OPLATE,F,,F,NonTrainted,3,6,DevCross,,CC006ZMME04S000M00000730/CC006ZMME04S000M00001091,,,PROHIBITED,1,487,P00000000879565878495885,6940a727-f4b5-460d-bd93-9f09f4edb1db,102,0,879565878495710,138,24GDH_MG1068,Anonymous,0,1,TRUE
139,IDH000000879565878518262,CC006ZMML04S000M00000514,EB24265268,O-057070,OPLATE,F,,F,NonTrainted,4,1,DevCross,,CC006ZMME04S000M00000730/CC006ZMML04S000M00000514,,,PROHIBITED,1,403,P00000000879565878495886,83d09e82-1087-4c12-9345-0a0a841510e0,102,0,879565878495711,139,24GDH_MG1069,Anonymous,0,1,TRUE
140,IDH000000879565878519490,CC006ZMME04S000M00000486,EB24265269,O-057070,OPLATE,F,,F,NonTrainted,4,2,DevCross,,CC006ZMME04S000M00000730/CC006ZMME04S000M00000486,,,PROHIBITED,1,33,P00000000879565878495887,5a52baa5-4655-4e16-ab9e-ef4b9dcff6ad,102,0,879565878495712,140,24GDH_MG1066,Anonymous,0,1,TRUE
141,IDH000000879565878516799,CC006ZMME04S000M00000241,EB24265270,O-057070,OPLATE,F,,F,NonTrainted,4,3,DevCross,,CC006ZMME04S000M00000730/CC006ZMME04S000M00000241,,,PROHIBITED,1,561,P00000000879565878495888,494c6c7f-5fd8-42d0-be0d-d7035537cd71,102,0,879565878495713,141,24GDH_MG1067,Anonymous,0,1,TRUE
142,IDH000000879565878516955,CC006ZMME04S000M00000978,EB24265271,O-057070,OPLATE,F,,F,NonTrainted,4,4,DevCross,,CC006ZMME04S000M00000730/CC006ZMME04S000M00000978,,,PROHIBITED,1,57,P00000000879565878495889,844ef1fa-18c0-4b94-9115-2674dffbe63a,102,0,879565878495714,142,24GDH_MG1067,Anonymous,0,1,TRUE
143,IDH000000879565878518438,CC005ZMML04S000M50001593,EB24265272,O-057070,OPLATE,F,,F,NonTrainted,4,5,DevCross,,CC006ZMME04S000M00000730/CC005ZMML04S000M50001593,,,PROHIBITED,1,45,P00000000879565878495890,7de7d200-b45c-404a-a094-bb17d6b80d32,102,0,879565878495715,143,24GDH_MG1070,Anonymous,0,1,TRUE
144,IDH000000879565878518194,CC006ZMML04S000M00000920,EB24265273,O-057070,OPLATE,F,,F,NonTrainted,4,6,DevCross,,CC006ZMME04S000M00000730/CC006ZMML04S000M00000920,,,PROHIBITED,1,28,P00000000879565878495891,57fe1bc2-8906-4f98-b6da-d7b646d81b8a,102,0,879565878495716,144,24GDH_MG1069,Anonymous,0,1,TRUE
145,IDH000000879565878517304,CC006ZMME04S000M00000589,"EB24265278,EB24265155,EB24265157,EB24265274,EB24265276,EB24265277,EB24265165",O-078778,OPLATE,M,,M,NonTrainted,1,1,DevCross,",,,,,,","CC006ZMME04S000M00000589/CC006ZMME04S000M00000769,CC006ZMME04S000M00000589/CC006ZMME04S000M00000754,CC006ZMME04S000M00000589/CC005ZMML04S000M50001624,CC006ZMME04S000M00000730/CC006ZMME04S000M00000589,CC006ZMME04S000M00000589/CC005ZMML04S000M50001629,CC006ZMME04S000M00000589/CC005ZMML04S000M50001548,CC006ZMME04S000M00000589/CC006ZMME04S000M00000755",",,,,,,",",,,,,,",PROHIBITED,"1,1,1,1,1,1,1",449,P00000000879565878495892,cac4ad5d-a718-4035-bc2f-4ddb796b2e0b,102,"000,000,000,000,000,000,000",879565878495717,145,24GDH_MG1067,Anonymous,0,1,TRUE
146,IDH000000879565878518645,CC005ZMML04S000M50001629,EB24265276,O-078778,OPLATE,F,,F,NonTrainted,1,2,DevCross,,CC006ZMME04S000M00000589/CC005ZMML04S000M50001629,,,PROHIBITED,1,7,P00000000879565878495893,66e542e6-2d01-4e4c-b548-949acfe9c753,102,0,879565878495718,146,24GDH_MG1070,Anonymous,0,1,TRUE
147,IDH000000879565878518420,CC005ZMML04S000M50001548,EB24265277,O-078778,OPLATE,F,,F,NonTrainted,1,3,DevCross,,CC006ZMME04S000M00000589/CC005ZMML04S000M50001548,,,PROHIBITED,1,82,P00000000879565878495894,fc7ef371-b9bd-4009-b143-2854210ce274,102,0,879565878495719,147,24GDH_MG1070,Anonymous,0,1,TRUE
148,IDH000000879565878516656,CC006ZMME04S000M00000769,EB24265278,O-078778,OPLATE,F,,F,NonTrainted,1,4,DevCross,,CC006ZMME04S000M00000589/CC006ZMME04S000M00000769,,,PROHIBITED,1,570,P00000000879565878495895,8fd97f74-30d1-4a46-925b-e815edc5754e,102,0,879565878495720,148,24GDH_MG1068,Anonymous,0,1,TRUE
149,IDH000000879565878517361,CC006ZMME04S000M00000754,EB24265155,O-078778,OPLATE,F,,F,NonTrainted,1,5,DevCross,,CC006ZMME04S000M00000589/CC006ZMME04S000M00000754,,,PROHIBITED,1,279,P00000000879565878495896,505ab2a9-627c-4427-a902-fd4aec896380,102,0,879565878495721,149,24GDH_MG1067,Anonymous,0,1,TRUE
150,IDH000000879565878518516,CC005ZMML04S000M50001624,EB24265157,O-078778,OPLATE,F,,F,NonTrainted,1,6,DevCross,,CC006ZMME04S000M00000589/CC005ZMML04S000M50001624,,,PROHIBITED,1,16,P00000000879565878495897,f4fd1c81-93a7-41cf-af55-65746d329060,102,0,879565878495722,150,24GDH_MG1070,Anonymous,0,1,TRUE
151,IDH000000879565878517366,CC006ZMME04S000M00000755,EB24265165,O-078778,OPLATE,F,,F,NonTrainted,2,1,DevCross,,CC006ZMME04S000M00000589/CC006ZMME04S000M00000755,,,PROHIBITED,1,280,P00000000879565878495898,e8886cee-acf7-4933-bc2d-46ff73b9496d,102,0,879565878495723,151,24GDH_MG1067,Anonymous,0,1,TRUE
152,IDH000000879565878519339,CC006ZMME04S000M00000097,"EB24265305,EB24265307,EB24265306,EB24265304,EB24265303,EB24265302,EB24265301,EB24265300,EB24265299,EB24265211",O-078778,OPLATE,M,,M,NonTrainted,2,2,DevCross,",,,,,,,,,","CC006ZMME04S000M00000097/CC006ZMME04S000M00000657,CC006ZMME04S000M00000097/CC006ZMME04S000M00000671,CC006ZMME04S000M00000097/CC006ZMME04S000M00000001,CC006ZMME04S000M00000097/CC006ZMML04S000M00000153,CC006ZMME04S000M00000097/CC006ZMML04S000M00000031,CC006ZMME04S000M00000097/CC006ZMME04S000M00000965,CC006ZMME04S000M00000097/CC006ZMME04S000M00000061,CC006ZMME04S000M00000097/CC006ZMME04S000M00000123,CC006ZMME04S000M00000097/CC006ZMME04S000M00001098,CC006ZMME04S000M00000732/CC006ZMME04S000M00000097",",,,,,,,,,",",,,,,,,,,",PROHIBITED,"1,1,1,1,1,1,1,1,1,1",362,P00000000879565878495899,005a54e8-123b-463e-8013-34117eec8d16,102,"000,000,000,000,000,000,000,000,000,000",879565878495724,152,24GDH_MG1066,Anonymous,0,1,TRUE
153,IDH000000879565878516507,CC006ZMME04S000M00001098,EB24265299,O-078778,OPLATE,F,,F,NonTrainted,2,3,DevCross,,CC006ZMME04S000M00000097/CC006ZMME04S000M00001098,,,PROHIBITED,1,500,P00000000879565878495900,0595bb45-407a-41ef-97be-e97150460d22,102,0,879565878495725,153,24GDH_MG1068,Anonymous,0,1,TRUE
154,IDH000000879565878519271,CC006ZMME04S000M00000123,EB24265300,O-078778,OPLATE,F,,F,NonTrainted,2,4,DevCross,,CC006ZMME04S000M00000097/CC006ZMME04S000M00000123,,,PROHIBITED,1,324,P00000000879565878495901,177b390c-e4b9-4c29-bfc7-cce9c2b33283,102,0,879565878495726,154,24GDH_MG1066,Anonymous,0,1,TRUE
155,IDH000000879565878519220,CC006ZMME04S000M00000061,EB24265301,O-078778,OPLATE,F,,F,NonTrainted,2,5,DevCross,,CC006ZMME04S000M00000097/CC006ZMME04S000M00000061,,,PROHIBITED,1,387,P00000000879565878495902,6a61a8d7-03a2-42a4-9c32-b8bc429e15ca,102,0,879565878495727,155,24GDH_MG1066,Anonymous,0,1,TRUE
156,IDH000000879565878516975,CC006ZMME04S000M00000965,EB24265302,O-078778,OPLATE,F,,F,NonTrainted,2,6,DevCross,,CC006ZMME04S000M00000097/CC006ZMME04S000M00000965,,,PROHIBITED,1,69,P00000000879565878495903,c0148896-bf62-4123-9094-e7661c5396eb,102,0,879565878495728,156,24GDH_MG1067,Anonymous,0,1,TRUE
157,IDH000000879565878516297,CC006ZMML04S000M00000031,EB24265303,O-078778,OPLATE,F,,F,NonTrainted,3,1,DevCross,,CC006ZMME04S000M00000097/CC006ZMML04S000M00000031,,,PROHIBITED,1,342,P00000000879565878495904,bf52ad81-c835-407d-b40d-73aed7ca3c75,102,0,879565878495729,157,24GDH_MG1068,Anonymous,0,1,TRUE
158,IDH000000879565878516554,CC006ZMML04S000M00000153,EB24265304,O-078778,OPLATE,F,,F,NonTrainted,3,2,DevCross,,CC006ZMME04S000M00000097/CC006ZMML04S000M00000153,,,PROHIBITED,1,229,P00000000879565878495905,77ae4174-f6f2-4556-9d9f-8764f8e840e8,102,0,879565878495730,158,24GDH_MG1068,Anonymous,0,1,TRUE
159,IDH000000879565878517188,CC006ZMME04S000M00000657,"EB24265327,EB24265326,EB24265325,EB24265324,EB24265305,EB24265328,EB24265156,EB24265158",O-078778,OPLATE,M,,M,NonTrainted,3,3,DevCross,",,,,,,,","CC006ZMME04S000M00000657/CC006ZMME04S000M00000235,CC006ZMME04S000M00000657/CC006ZMML04S000M00001032,CC006ZMME04S000M00000657/CC006ZMME04S000M00000689,CC006ZMME04S000M00000657/CC006ZMME04S000M00000246,CC006ZMME04S000M00000097/CC006ZMME04S000M00000657,CC006ZMME04S000M00000657/CC006ZMME04S000M00000447,CC006ZMME04S000M00000657/CC006ZMME04S000M00000526,CC006ZMME04S000M00000657/CC006ZMME04S000M00000666",",,,,,,,",",,,,,,,",PROHIBITED,"1,1,1,1,1,1,1,1",394,P00000000879565878495906,cbd63985-f782-482c-820d-4ba31f68217e,102,"000,000,000,000,000,000,000,000",879565878495731,159,24GDH_MG1067,Anonymous,0,1,TRUE
160,IDH000000879565878519411,CC006ZMME04S000M00000001,"EB24265306,EB24265205",O-078778,OPLATE,M,,F,NonTrainted,3,4,DevCross,",","CC006ZMME04S000M00000097/CC006ZMME04S000M00000001,CC006ZMME04S000M00000001/CC006ZMME04S000M00000615",",",",",PROHIBITED,1.1,452,P00000000879565878495907,9013be9a-efd1-4891-a3fa-cbc93d58c9c7,102,0,879565878495732,160,24GDH_MG1066,Anonymous,0,1,TRUE
161,IDH000000879565878517163,CC006ZMME04S000M00000671,"EB24265213,EB24265307",O-078778,OPLATE,M,,F,NonTrainted,3,5,DevCross,",","CC006ZMME04S000M00000671/CC006ZMME04S000M00001085,CC006ZMME04S000M00000097/CC006ZMME04S000M00000671",",",",",PROHIBITED,1.1,387,P00000000879565878495908,4209e8c6-03ee-4013-83aa-b9e4a35df644,102,0,879565878495733,161,24GDH_MG1067,Anonymous,0,1,TRUE
162,IDH000000879565878516824,CC006ZMME04S000M00000246,EB24265324,O-078778,OPLATE,F,,F,NonTrainted,3,6,DevCross,,CC006ZMME04S000M00000657/CC006ZMME04S000M00000246,,,PROHIBITED,1,570,P00000000879565878495909,bd86c20a-59fa-4cd2-b1ab-ace2aa820fea,102,0,879565878495734,162,24GDH_MG1067,Anonymous,0,1,TRUE
163,IDH000000879565878516854,CC006ZMME04S000M00000689,EB24265325,O-078778,OPLATE,F,,F,NonTrainted,4,1,DevCross,,CC006ZMME04S000M00000657/CC006ZMME04S000M00000689,,,PROHIBITED,1,346,P00000000879565878495910,ff38f713-7772-47ab-9254-370cbe12a47a,102,0,879565878495735,163,24GDH_MG1067,Anonymous,0,1,TRUE
164,IDH000000879565878518722,CC006ZMML04S000M00001032,EB24265326,O-078778,OPLATE,F,,F,NonTrainted,4,2,DevCross,,CC006ZMME04S000M00000657/CC006ZMML04S000M00001032,,,PROHIBITED,1,297,P00000000879565878495911,309e23b2-06ec-4b83-93a1-2da39b182d8e,102,0,879565878495736,164,24GDH_MG1070,Anonymous,0,1,TRUE
165,IDH000000879565878516794,CC006ZMME04S000M00000235,EB24265327,O-078778,OPLATE,F,,F,NonTrainted,4,3,DevCross,,CC006ZMME04S000M00000657/CC006ZMME04S000M00000235,,,PROHIBITED,1,560,P00000000879565878495912,09779394-1565-4b9c-9e6c-c256773df923,102,0,879565878495737,165,24GDH_MG1067,Anonymous,0,1,TRUE
166,IDH000000879565878519044,CC006ZMME04S000M00000447,EB24265328,O-078778,OPLATE,F,,F,NonTrainted,4,4,DevCross,,CC006ZMME04S000M00000657/CC006ZMME04S000M00000447,,,PROHIBITED,1,58,P00000000879565878495913,301dab0d-4941-4483-9767-b4763fc70aa2,102,0,879565878495738,166,24GDH_MG1066,Anonymous,0,1,TRUE
167,IDH000000879565878517960,CC006ZMME04S000M00000526,EB24265156,O-078778,OPLATE,F,,F,NonTrainted,4,5,DevCross,,CC006ZMME04S000M00000657/CC006ZMME04S000M00000526,,,PROHIBITED,1,525,P00000000879565878495914,bdcc220a-33ec-4544-9bae-ce553c7e7250,102,0,879565878495739,167,24GDH_MG1067,Anonymous,0,1,TRUE
168,IDH000000879565878517243,CC006ZMME04S000M00000666,EB24265158,O-078778,OPLATE,F,,F,NonTrainted,4,6,DevCross,,CC006ZMME04S000M00000657/CC006ZMME04S000M00000666,,,PROHIBITED,1,414,P00000000879565878495915,c4b8eae0-bd5b-4923-a872-3077f4db81d8,102,0,879565878495740,168,24GDH_MG1067,Anonymous,0,1,TRUE
169,IDH000000879565878517238,CC006ZMME04S000M00000615,EB24265205,O-062407,OPLATE,F,,F,NonTrainted,1,1,DevCross,,CC006ZMME04S000M00000001/CC006ZMME04S000M00000615,,,PROHIBITED,1,411,P00000000879565878495916,e8005c77-7aa5-4f63-930b-2b8c80387f51,102,0,879565878495741,169,24GDH_MG1067,Anonymous,0,1,TRUE
170,IDH000000879565878516184,CC006ZMME04S000M00001085,"EB24265167,EB24265166,EB24265213",O-062407,OPLATE,M,,F,NonTrainted,1,2,DevCross,",,","CC006ZMME04S000M00001085/CC006ZMME04S000M00000095,CC006ZMME04S000M00001085/CC006ZMML04S000M00000803,CC006ZMME04S000M00000671/CC006ZMME04S000M00001085",",,",",,",PROHIBITED,"1,1,1",516,P00000000879565878495917,9e6837a2-cc66-4558-8e0e-f661a1a0cd93,102,"000,000,000",879565878495742,170,24GDH_MG1068,Anonymous,0,1,TRUE
171,IDH000000879565878518252,CC006ZMML04S000M00000803,EB24265166,O-062407,OPLATE,F,,F,NonTrainted,1,3,DevCross,,CC006ZMME04S000M00001085/CC006ZMML04S000M00000803,,,PROHIBITED,1,139,P00000000879565878495918,d1c46d44-0e90-442a-841a-c25f8822876c,102,0,879565878495743,171,24GDH_MG1069,Anonymous,0,1,TRUE
172,IDH000000879565878519344,CC006ZMME04S000M00000095,"EB24265238,EB24265167,EB24265237",O-062407,OPLATE,M,,M,NonTrainted,1,4,DevCross,",,","CC006ZMME04S000M00000095/CC006ZMME04S000M00000732,CC006ZMME04S000M00001085/CC006ZMME04S000M00000095,CC006ZMME04S000M00000095/CC006ZMML04S000M00000925",",,",",,",PROHIBITED,"1,1,1",367,P00000000879565878495919,9b273548-5dc7-43a0-955d-b271a47405a3,102,"000,000,000",879565878495744,172,24GDH_MG1066,Anonymous,0,1,TRUE
173,IDH000000879565878518199,CC006ZMML04S000M00000925,EB24265237,O-062407,OPLATE,F,,F,NonTrainted,1,5,DevCross,,CC006ZMME04S000M00000095/CC006ZMML04S000M00000925,,,PROHIBITED,1,41,P00000000879565878495920,f7092818-37b2-41bd-91ed-5f0a89c4825c,102,0,879565878495745,173,24GDH_MG1069,Anonymous,0,1,TRUE
174,IDH000000879565878516761,CC006ZMME04S000M00000732,"EB24265211,EB24265238",O-062407,OPLATE,M,,F,NonTrainted,1,6,DevCross,",","CC006ZMME04S000M00000732/CC006ZMME04S000M00000097,CC006ZMME04S000M00000095/CC006ZMME04S000M00000732",",",",",PROHIBITED,1.1,297,P00000000879565878495921,bd4f1743-6c31-4373-9ef9-f9459be5a22e,102,0,879565878495746,174,24GDH_MG1067,Anonymous,0,1,TRUE
